"nobs","model","kernel","criterion","mean_ISE","sd_ISE","median_ISE","IQR_ISE","mean_time_min"
125,1,"smlnorm","lcv",0.00297201592751006,0.00192805529063812,0.00245467858934155,0.00160976201582258,0.895337358055015
